asset	estimated_return
AAPL	0.015442014601428404
SPY	0.019666498531105938
TSLA	0.02531290376334717
PEP	-0.002383072772314691
PYPL	0.011471908573269924
PARA	0.012797873284835108
