	AAPL	SPY	TSLA	PEP	PYPL	PARA
AAPL	0.0036267315980867063	0.0008322135985433162	0.0032544954607075277	0.0006398167779688231	4.815432759684177e-05	0.001972031251593177
SPY	0.0008322135985433162	0.0012923201419544794	0.00242086108670814	0.0003812080143726053	0.0014374845651463958	0.0010291601557591043
TSLA	0.0032544954607075277	0.00242086108670814	0.026703445385644026	-0.0008273217162460426	0.007403988071088369	0.002711816531492707
PEP	0.0006398167779688231	0.0003812080143726053	-0.0008273217162460426	0.0015489589944781444	0.0008624914970210842	0.002238498623489841
PYPL	4.815432759684177e-05	0.0014374845651463958	0.007403988071088369	0.0008624914970210842	0.007073932841893551	0.003472488822950651
PARA	0.001972031251593177	0.0010291601557591043	0.002711816531492707	0.002238498623489841	0.003472488822950651	0.012226976442103113
