	AAPL	PARA	PEP	PYPL	SPY	TSLA
AAPL	0.003626733006490613	0.001972029677113247	0.0006398167108360869	4.815512532801821e-05	0.0008322140697920865	0.003254501215992769
PARA	0.001972029677113247	0.012226979276554755	0.002238497865718379	0.0034724898477618282	0.001029164751218072	0.002711817953935652
PEP	0.0006398167108360869	0.002238497865718379	0.0015489583651018804	0.000862489832663769	0.00038120722191306523	-0.0008273301333363549
PYPL	4.815512532801821e-05	0.0034724898477618282	0.000862489832663769	0.007073932540805495	0.001437484926553417	0.007403987644829337
SPY	0.0008322140697920865	0.001029164751218072	0.00038120722191306523	0.001437484926553417	0.0012923188641312843	0.002420862817196365
TSLA	0.003254501215992769	0.002711817953935652	-0.0008273301333363549	0.007403987644829337	0.002420862817196365	0.02670344538480391
