asset	estimated_return
AAPL	0.015442019009580797
SPY	0.019666498857886492
TSLA	0.02531290376334717
PEP	-0.0023830725943043743
PYPL	0.011471908573269924
PARA	0.012797877636483424
