	AAPL	SPY	TSLA	PEP	PYPL	PARA
AAPL	0.0036228149555676114	0.000783964193381045	0.0030748020526468094	0.0006073943511498124	-9.0760745703658e-05	0.0018269846713345247
SPY	0.000783964193381045	0.0012252941098341752	0.001970923479889566	0.00031814727484859626	0.0012261886626124567	0.0006961905829633328
TSLA	0.0030748020526468094	0.001970923479889566	0.02435781045978528	-0.0011899472651167938	0.006047286450888983	0.000919489791891206
PEP	0.0006073943511498124	0.00031814727484859626	-0.0011899472651167938	0.0014950879960887516	0.0006692422087342053	0.001965060260346211
PYPL	-9.0760745703658e-05	0.0012261886626124567	0.006047286450888983	0.0006692422087342053	0.006413462131408243	0.002463302187661483
PARA	0.0018269846713345247	0.0006961905829633328	0.000919489791891206	0.001965060260346211	0.002463302187661483	0.010863515638102878
