asset	estimated_return
AAPL	0.015442
PARA	0.012798
PEP	-0.002383
PYPL	0.011472
SPY	0.019666
TSLA	0.025313
