	AAPL	SPY	TSLA	PEP	PYPL	PARA
AAPL	0.003622816020558493	0.0007839644684176453	0.0030748059936118463	0.0006073941943649939	-9.075947196801773e-05	0.0018269852380056932
SPY	0.0007839644684176453	0.0012252944743910102	0.001970924991784039	0.0003181468400498759	0.0012261879639525954	0.0006961887563876172
TSLA	0.0030748059936118463	0.001970924991784039	0.0243578104741441	-0.0011899449490689322	0.006047286053122605	0.0009194907145406571
PEP	0.0006073941943649939	0.0003181468400498759	-0.0011899449490689322	0.0014950896706782666	0.0006692447528860364	0.0019650641499765215
PYPL	-9.075947196801773e-05	0.0012261879639525954	0.006047286053122605	0.0006692447528860364	0.006413461878557214	0.002463301161236193
PARA	0.0018269852380056932	0.0006961887563876172	0.0009194907145406571	0.0019650641499765215	0.002463301161236193	0.010863517347548108
