asset	estimated_return
PEP	-0.002383072352869367
PYPL	0.011471908573269924
PARA	0.01279787410698251
AAPL	0.015442011146295365
SPY	0.019666496248548392
TSLA	0.02531290376334717
