asset	estimated_return
AAPL	0.016968
SPY	0.020758
TSLA	0.036103
PEP	-0.001045
PYPL	0.015230
PARA	0.020493
