	AAPL	SPY	TSLA	PEP	PYPL	PARA
AAPL	0.0034812065001380843	0.0007844498640881404	0.0031311619528607464	0.0006097318968912134	1.832797714922276e-05	0.0018917114515139303
SPY	0.0007844498640881404	0.0012471641904366392	0.0022983129095503836	0.0003667935117440924	0.0014014075817589044	0.0009792595306989623
TSLA	0.0031311619528607464	0.0022983129095503836	0.025569552223012527	-0.0007947414096453702	0.007040646098441731	0.0026020051874768987
PEP	0.0006097318968912134	0.0003667935117440924	-0.0007947414096453702	0.0014820360640608143	0.0008301661639175408	0.0021401612247178886
PYPL	1.832797714922276e-05	0.0014014075817589044	0.007040646098441731	0.0008301661639175408	0.006829643593191711	0.0033091548452566246
PARA	0.0018917114515139303	0.0009792595306989623	0.0026020051874768987	0.0021401612247178886	0.0033091548452566246	0.011697786321469526
