	AAPL	MSFT	PEP	PYPL	SPY	TSLA
AAPL	0.003626733270065435	0.00038907556347376766	0.0006398162834059149	4.8154170396322845e-05	0.0008322127076666575	0.0032544994754128208
MSFT	0.00038907556347376766	0.004044452365219941	-0.000580354173620444	0.0003324106610873758	0.0014877611571801675	0.0022169673067501928
PEP	0.0006398162834059149	-0.000580354173620444	0.0015489596150033915	0.0008624924105563907	0.0003812076772167116	-0.0008273232061508727
PYPL	4.8154170396322845e-05	0.0003324106610873758	0.0008624924105563907	0.007073932540805495	0.0014374871907025196	0.007403987644829337
SPY	0.0008322127076666575	0.0014877611571801675	0.0003812076772167116	0.0014374871907025196	0.0012923189516793018	0.002420864500968266
TSLA	0.0032544994754128208	0.0022169673067501928	-0.0008273232061508727	0.007403987644829337	0.002420864500968266	0.02670344538480391
