	index	AAPL	SPY	TSLA	PEP	PYPL	PARA
index	46.0	-0.038952637439450176	-0.06798786438815942	0.022149801009741763	-0.01820691612788456	-0.15528616696800296	0.04083478559994553
AAPL	-0.038952637439450176	0.0036228121460747174	0.000783963828423612	0.0030748006628940057	0.0006073939029867037	-9.075921253252029e-05	0.0018269831147633378
SPY	-0.06798786438815942	0.000783963828423612	0.0012252952179240548	0.001970926982057731	0.0003181475298569659	0.0012261900354066401	0.0006961923813141547
TSLA	0.022149801009741763	0.0030748006628940057	0.001970926982057731	0.0243578104741441	-0.0011899459911889037	0.006047286053122605	0.0009194872859982746
PEP	-0.01820691612788456	0.0006073939029867037	0.0003181475298569659	-0.0011899459911889037	0.0014950891765406578	0.0006692446911619447	0.001965065519610164
PYPL	-0.15528616696800296	-9.075921253252029e-05	0.0012261900354066401	0.006047286053122605	0.0006692446911619447	0.006413461878557214	0.002463302641917824
PARA	0.04083478559994553	0.0018269831147633378	0.0006961923813141547	0.0009194872859982746	0.001965065519610164	0.002463302641917824	0.0108635172282398
