asset	return
AAPL	0.01544201595809217
MSFT	0.02331793118693439
PEP	-0.0023830722886659756
PYPL	0.011471908644318988
SPY	0.01966649892368123
TSLA	0.02531290373212718
