asset	estimated_return
PEP	-0.002383072250912929
PYPL	0.011471908573269924
PARA	0.012797878777845667
AAPL	0.015442011382293367
SPY	0.01966650186720062
TSLA	0.02531290376334717
