asset	estimated_return
AAPL	0.016154
SPY	0.018989
TSLA	0.026376
PEP	-0.002516
PYPL	0.009848
PARA	0.013115
