	AAPL	SPY	TSLA	PEP	PYPL	PARA
AAPL	0.0036228139957606097	0.0007839632795255861	0.0030748024009277382	0.0006073918771284684	-9.076097028611055e-05	0.001826981517793777
SPY	0.0007839632795255861	0.0012252936508364031	0.0019709270139937492	0.0003181458317340569	0.001226190271693944	0.0006961921368846775
TSLA	0.0030748024009277382	0.0019709270139937492	0.0243578104741441	-0.0011899489386105818	0.006047286053122605	0.000919487488913519
PEP	0.0006073918771284684	0.0003181458317340569	-0.0011899489386105818	0.0014950874345756747	0.0006692431872169524	0.0019650610011469837
PYPL	-9.076097028611055e-05	0.001226190271693944	0.006047286053122605	0.0006692431872169524	0.006413461878557214	0.002463301146979468
PARA	0.001826981517793777	0.0006961921368846775	0.000919487488913519	0.0019650610011469837	0.002463301146979468	0.010863511578137156
