	AAPL	SPY	TSLA	PEP	PYPL	PARA
AAPL	0.003622813455453101	0.0007839641661332601	0.0030748001082743863	0.0006073949309902028	-9.075923667091278e-05	0.0018269859037105516
SPY	0.0007839641661332601	0.0012252946540745467	0.001970925842544944	0.00031814658443375	0.0012261894415559638	0.0006961938265493717
TSLA	0.0030748001082743863	0.001970925842544944	0.02435781045978528	-0.0011899463192342312	0.006047286450888983	0.0009194876990113634
PEP	0.0006073949309902028	0.00031814658443375	-0.0011899463192342312	0.001495088543386317	0.0006692438549924517	0.001965063689838403
PYPL	-9.075923667091278e-05	0.0012261894415559638	0.006047286450888983	0.0006692438549924517	0.006413462131408243	0.0024633017126823205
PARA	0.0018269859037105516	0.0006961938265493717	0.0009194876990113634	0.001965063689838403	0.0024633017126823205	0.010863512324246592
