	AAPL	SPY	TSLA	PEP	PYPL	PARA
AAPL	0.0036267304210637827	0.0008322123298057616	0.003254498989097199	0.0006398175696591234	4.8154441816025415e-05	0.001972027729008995
SPY	0.0008322123298057616	0.0012923180272856338	0.0024208609678473833	0.0003812073786079806	0.0014374838510816117	0.0010291615159740827
TSLA	0.003254498989097199	0.0024208609678473833	0.026703445385644026	-0.000827326340297579	0.007403988071088369	0.0027118178500521333
PEP	0.0006398175696591234	0.0003812073786079806	-0.000827326340297579	0.0015489581516646082	0.0008624893396458815	0.002238495003852291
PYPL	4.8154441816025415e-05	0.0014374838510816117	0.007403988071088369	0.0008624893396458815	0.007073932841893551	0.00347248786102738
PARA	0.001972027729008995	0.0010291615159740827	0.0027118178500521333	0.002238495003852291	0.00347248786102738	0.012226974792692885
