asset	probability
AAPL	0.099000
MSFT	0.310000
PEP	0.002000
PYPL	0.076000
SPY	0.062000
TSLA	0.451000
