asset	probability
AAPL	0.128000
SPY	0.152000
TSLA	0.478000
PEP	0.001000
PYPL	0.057000
PARA	0.184000
