asset	probability
PEP	0.002000
PYPL	0.077000
PARA	0.182000
AAPL	0.113000
SPY	0.171000
TSLA	0.455000
