asset	probability
AAPL	0.114000
SPY	0.171000
TSLA	0.464000
PEP	0.001000
PYPL	0.071000
PARA	0.179000
