asset	probability
AAPL	0.116000
PARA	0.184000
PEP	0.000000
PYPL	0.065000
SPY	0.172000
TSLA	0.463000
