asset	probability
AAPL	0.075000
SPY	0.106000
TSLA	0.551000
PEP	0.000000
PYPL	0.047000
PARA	0.221000
