asset	probability
PEP	0.000000
PYPL	0.062000
PARA	0.191000
AAPL	0.113000
SPY	0.178000
TSLA	0.456000
