asset	allocation
AAPL	1.384247502597848e-09
SPY	1.8282024699802618e-10
TSLA	0.9999999948913049
PEP	1.5985278841299762e-09
PYPL	1.6331429892263912e-09
PARA	3.099564538553589e-10
