asset	allocation
AAPL	1.3842463290396225e-09
SPY	1.828202627986356e-10
TSLA	0.9999999948913117
PEP	1.5985274217116879e-09
PYPL	1.6331424993642815e-09
PARA	3.09951712130174e-10
