asset	allocation
PEP	0.0
PYPL	5.687007950895981e-10
PARA	8.920918674745169e-10
AAPL	2.2988575304615205e-09
SPY	1.4257212613996754e-08
TSLA	0.9999999819873966
