asset	allocation
AAPL	4.7563551714730425e-09
MSFT	4.68836328565438e-09
PEP	1.832843640944385e-09
PYPL	3.591942301627805e-09
SPY	6.730088971821678e-09
TSLA	0.9999999784004067
