asset	allocation
AAPL	2.2988650814905215e-09
PARA	8.920929852485035e-10
PEP	-4.2591789692473945e-12
PYPL	5.687013872818198e-10
SPY	1.425717797819547e-08
TSLA	0.999999981987422
