asset	allocation
PEP	0.0
PYPL	5.687017008397532e-10
PARA	8.920941630379552e-10
AAPL	2.2988577359068302e-09
SPY	1.4257239927765997e-08
TSLA	0.9999999819873656
