asset	allocation
AAPL	2.2988642248905745e-09
SPY	1.4257215328858764e-08
TSLA	0.9999999819873839
PEP	0.0
PYPL	5.687018608231055e-10
PARA	8.920939403088922e-10
