asset	allocation
AAPL	1.3842435219206221e-09
SPY	1.8282017862764698e-10
TSLA	0.9999999948913179
PEP	1.5985270135703218e-09
PYPL	1.6331408805728615e-09
PARA	3.099506995822517e-10
