asset	allocation
AAPL	7.190234874739687e-10
SPY	3.9859921819170345e-09
TSLA	0.9999999947835674
PEP	2.748620417045942e-10
PYPL	1.0630467830309457e-10
PARA	1.3025012301871883e-10
