asset	allocation
AAPL	2.2988604735320123e-09
SPY	1.4257222627132819e-08
TSLA	0.9999999819873828
PEP	0.0
PYPL	5.687012063383775e-10
PARA	8.920919995068723e-10
