asset	allocation
AAPL	1.3842485966038371e-09
SPY	1.828203041131083e-10
TSLA	0.999999994891306
PEP	1.5985280587960776e-09
PYPL	1.6331436275700788e-09
PARA	3.099537042569033e-10
