asset	allocation
AAPL	0.048272
SPY	0.530143
TSLA	-0.000000
PEP	0.421585
PYPL	-0.000000
PARA	0.000000
