asset	allocation
PEP	0.421585
PYPL	-0.000000
PARA	0.000000
AAPL	0.048271
SPY	0.530143
TSLA	-0.000000
