asset	allocation
AAPL	0.052033
SPY	0.525213
TSLA	-0.000000
PEP	0.422754
PYPL	-0.000000
PARA	0.000000
