asset	allocation
AAPL	0.048271432297808246
SPY	0.5301431771311526
TSLA	-5.295619385776143e-20
PEP	0.4215853905710391
PYPL	-3.735282251630742e-20
PARA	2.0070077137837247e-20
