asset	allocation
AAPL	0.034564
SPY	0.525519
TSLA	0.008052
PEP	0.431864
PYPL	-0.000000
PARA	0.000000
