asset	allocation
AAPL	0.060318
MSFT	0.194669
PEP	0.531236
PYPL	0.000000
SPY	0.208909
TSLA	0.004867
